Score data 7,Score data 8,Score data 9,Loss,ypredict data 7,ypredict data 8,ypredict data 9
0.6420138108426263,0.6209217741146595,0.6681527048946168,0.0006147718306237062,"[ 0.13823214  0.04455298 -0.06732379 ...  0.24788971  0.27982635
 -0.13570834]","[-0.07830356 -0.02135844  0.01085006 ...  0.10869541  0.27613223
  0.03336797]",[0.1877157  0.15511667 0.04657469 ... 0.27774429 0.25428176 0.16482308]
0.6446999467829322,0.6660768411371687,0.6807690438250307,0.000521611252014672,"[ 0.15701955  0.03686467 -0.05864765 ...  0.23699677  0.35257205
 -0.10360417]","[-0.05406579 -0.01542434  0.01124403 ...  0.01602446  0.36235854
  0.03965832]",[0.22311694 0.04876548 0.04744619 ... 0.35566566 0.24518841 0.163575  ]
0.6499070231690528,0.6383823787335261,0.6605948629793714,0.0005461527454455084,"[ 0.11309052  0.01250784 -0.10065209 ...  0.3176873   0.35784351
 -0.14853766]","[-0.09690185 -0.02833683 -0.01031029 ...  0.03516836  0.33517008
  0.02161783]",[0.1610588  0.1731475  0.03148175 ... 0.32914508 0.21379352 0.15137251]
0.6682140269611718,0.6718281409492228,0.6904387510459341,0.0005299168141671331,"[ 0.11524206  0.02762368 -0.12326694 ...  0.28097709  0.31863217
 -0.17585129]","[-0.11003447 -0.01989599  0.00427521 ...  0.00974314  0.30740102
  0.03302632]",[0.1668421  0.06739983 0.03240063 ... 0.30501882 0.19188308 0.16031463]
0.6364428385691676,0.6555101673936119,0.6638027715229446,0.0005868465153718172,"[ 0.11321776  0.03390948 -0.1265876  ...  0.19507035  0.261695
 -0.18125797]","[-0.12225698 -0.01850565  0.00037863 ...  0.06180082  0.27002226
  0.03190315]",[0.17970766 0.11656754 0.0203872  ... 0.27129136 0.17883752 0.16142386]
0.6771969974493076,0.6764724353940947,0.6945175688026239,0.0005451172854428575,"[ 0.08951522  0.00621875 -0.03866013 ...  0.20217987  0.27301793
 -0.10275486]","[-0.04861804 -0.02120587  0.00764856 ...  0.03686819  0.27796012
  0.02913215]",[0.18335421 0.09750186 0.03560541 ... 0.27937737 0.12103698 0.16358823]
0.6737055379520772,0.6651463974435441,0.686540746465875,0.0005724627761080713,"[ 0.1564888   0.02926257  0.00810059 ...  0.34337656  0.36031653
 -0.03887121]","[-0.00534544 -0.01776804  0.01251055 ...  0.08061655  0.34219642
  0.04096824]",[0.21197558 0.07789173 0.04011292 ... 0.33752763 0.31250409 0.17329293]
