Score data 7,Score data 8,Score data 9,Loss,ypredict data 7,ypredict data 8,ypredict data 9
0.5991062717499027,0.5879920577349669,0.6075142909381364,0.0006816695841751586,[0.11891403 0.0047226  0.12213858 ... 0.65777314 0.37957211 0.24404617],[0.13028918 0.04533563 0.04432388 ... 0.24206475 0.36111782 0.04409701],[0.28228067 0.3073279  0.01913563 ... 0.35665129 0.07743769 0.11742921]
0.6399774579472403,0.6402604645040431,0.6462010774627069,0.0005498805373063566,[0.08869517 0.01931474 0.03689322 ... 0.37674329 0.26609383 0.19784163],[0.10006178 0.03557881 0.03049177 ... 0.10717044 0.30204856 0.04106967],"[ 0.23345747  0.28913789  0.02714732 ...  0.30451317 -0.04644172
  0.13077967]"
0.6046855875374393,0.6123684384622539,0.6187199492825217,0.0006677445805784277,"[ 0.13235553  0.00362563 -0.00765119 ...  0.36842186  0.30722621
  0.07075232]",[0.01112685 0.0373203  0.03520681 ... 0.12927191 0.30907419 0.04615413],"[ 0.26958403  0.24843554  0.01846482 ...  0.30360207 -0.02507218
  0.12324855]"
0.6409153225281606,0.6152623068560071,0.63299169902832,0.0006560746772330832,[0.10284884 0.00786897 0.14318378 ... 0.43908301 0.28487709 0.27562905],[0.14662854 0.03405929 0.03725592 ... 0.11575825 0.31976061 0.05154758],[0.2494206  0.25896731 0.02429981 ... 0.31961732 0.02300208 0.12612248]
0.6363129672543892,0.6319194221316451,0.6423799189521486,0.0006245771061950237,[0.16921761 0.00295797 0.08160583 ... 0.69414588 0.40007076 0.20305579],[0.09804599 0.05069341 0.04666629 ... 0.27108706 0.34121646 0.05106719],[0.30024206 0.29315228 0.01421883 ... 0.33800441 0.1199707  0.13228978]
0.6438746551893121,0.6208182633648265,0.6348432506977484,0.0005892783186349642,[0.08626206 0.00251339 0.01264261 ... 0.52774823 0.33738278 0.08286204],[0.03169035 0.01544687 0.00855559 ... 0.17032353 0.31917692 0.04079596],[0.25795901 0.16937259 0.01121466 ... 0.31839439 0.01064524 0.12306729]
0.6132888504266332,0.6157331538952326,0.6224719327879539,0.0006616277943112726,"[ 0.12574195 -0.00451045  0.08254218 ...  0.63480538  0.40986793
  0.25172067]",[0.13787769 0.03691229 0.02126672 ... 0.35232952 0.37965059 0.04309637],[0.31154988 0.3175476  0.0365274  ... 0.37540683 0.19353297 0.13897234]
