Score data 7,Score data 8,Score data 9,Loss,ypredict data 7,ypredict data 8,ypredict data 9
-0.0013231718357606947,-0.0013216339885362416,-0.0013200058217397448,0.0017618228310882058,[0.11266005 0.11266005 0.11266005 ... 0.11266005 0.11266005 0.11266005],[0.11266005 0.11266005 0.11266005 ... 0.11266005 0.11266005 0.11266005],[0.11266005 0.11266005 0.11266005 ... 0.11266005 0.11266005 0.11266005]
-0.0013267132870917742,-0.0013251730919674465,-0.0013235424415560804,0.0017615302748323323,[0.11266291 0.11266291 0.11266291 ... 0.11266291 0.11266291 0.11266291],[0.11266291 0.11266291 0.11266291 ... 0.11266291 0.11266291 0.11266291],[0.11266291 0.11266291 0.11266291 ... 0.11266291 0.11266291 0.11266291]
-0.001328851285545385,-0.0013273096741186485,-0.0013256775255432451,0.001762365142793948,[0.11266464 0.11266464 0.11266464 ... 0.11266464 0.11266464 0.11266464],[0.11266464 0.11266464 0.11266464 ... 0.11266464 0.11266464 0.11266464],[0.11266464 0.11266464 0.11266464 ... 0.11266464 0.11266464 0.11266464]
-0.001328858039222336,-0.0013273164233231771,-0.0013256842700166693,0.0017626009224156595,[0.11266464 0.11266464 0.11266464 ... 0.11266464 0.11266464 0.11266464],[0.11266464 0.11266464 0.11266464 ... 0.11266464 0.11266464 0.11266464],[0.11266464 0.11266464 0.11266464 ... 0.11266464 0.11266464 0.11266464]
-0.0013290963843661796,-0.0013275546106303882,-0.001325922290364101,0.0017628824958060654,[0.11266484 0.11266484 0.11266484 ... 0.11266484 0.11266484 0.11266484],[0.11266484 0.11266484 0.11266484 ... 0.11266484 0.11266484 0.11266484],[0.11266484 0.11266484 0.11266484 ... 0.11266484 0.11266484 0.11266484]
-0.0013287231991065962,-0.001327181672505784,-0.0013255496136590494,0.0017632831776364531,[0.11266454 0.11266454 0.11266454 ... 0.11266454 0.11266454 0.11266454],[0.11266454 0.11266454 0.11266454 ... 0.11266454 0.11266454 0.11266454],[0.11266454 0.11266454 0.11266454 ... 0.11266454 0.11266454 0.11266454]
-0.0013309872965117098,-0.0013294442709550491,-0.0013278106265159906,0.0017639524644562506,[0.11266636 0.11266636 0.11266636 ... 0.11266636 0.11266636 0.11266636],[0.11266636 0.11266636 0.11266636 ... 0.11266636 0.11266636 0.11266636],[0.11266636 0.11266636 0.11266636 ... 0.11266636 0.11266636 0.11266636]
